x0_x,x0_y,x0_z,v0_x,v0_y,v0_z,g,w_x,w_y,w_z,b,A,Cd,rho,m,a_x,a_y,a_z,l,r
-13.509440407481149,2.0816338524003175,1.5247353905061707,20.277847421108312,-13.122040456889811,-2.8872956394410494,-7.327622376401159,5.766436429116934,10.866840810643192,2.0828396804516274,0.015224657301605559,0.12539391949013107,0.1271979341352898,0.954533094431905,0.3167540108213131,3.409941092908257,2.9280141300097293,-3.463391843066269,4.646891047696227,0.19978519524990593
10.233796337176262,32.183888687515726,1.3846875541840185,15.588610448516377,-13.281691559043136,8.898279711803028,-1.0943788452301852,1.597375988248254,-16.72851245027567,-9.228121901271841,0.062155947478190095,0.09142352143905647,0.5245678293569389,1.296053988661124,0.48960393749793285,0.7196411442231359,-1.6017205856822758,-3.0201038200528285,4.526064062093932,0.17059018349186278
-2.719086569624559,-1.5962806480287697,1.1806447497304453,4.994387458855514,13.356002327412137,21.83786808002781,-3.4199830622729768,9.03377271107133,2.418255613575223,-19.312058459539273,0.1335935846826224,0.1207217532346434,0.9019773879634235,1.226886588582132,0.6062909157914071,-3.8747281266512146,4.743969105975239,3.3639628362865572,5.98834083694571,0.1960278743751179
15.071023778708676,6.631725521132629,1.4206212805694887,9.987365389022408,-22.07776844933882,4.110748229538412,-22.956697654713892,-9.44497826526628,12.775841307096787,-8.291084379556253,0.012657955662951999,0.03322959324032596,0.45758598847753834,0.8324647012504813,0.18478778319235167,-1.1506530034627396,-2.269287880496954,-1.1090989412860273,4.4164003326579016,0.10284604047926113
10.536740311251236,20.795037764520025,1.0526006485871322,-19.084052307192035,-4.019420055213333,2.4419238975376274,-21.96849664560469,1.779453297195564,-3.981982835122602,7.623190904644055,0.08127060457888605,0.10209647749727668,1.3446153490047725,0.5920040360532313,0.49022212514897023,-4.82672954144679,0.05469643607475838,1.259628067223706,3.4829023564885766,0.18027289905009042
32.90641397201276,-9.236462349359561,1.5581652091875546,9.247385493319532,10.764294514662119,24.918637566585772,-2.5276894271253174,7.494085956607476,12.438149523508027,1.1430503182885587,0.008821993070772851,0.035871111234068075,1.3460261397109674,0.18271255374095863,0.07964689262649978,-0.1356548967757112,2.6200025681966572,-3.0890916301137072,4.8784679441048295,0.10685564717974574
17.821444445204584,20.025251341425633,1.708933036055349,-13.31085626276504,-19.43158957659979,7.396511861539345,-19.564743757139883,14.235873733460842,-7.5945462285257745,-6.932583687808499,0.01955083554752112,0.05338339975995593,0.3634187660793702,1.007747534902025,0.12378338989790055,1.8482507532557761,2.314845851337786,-3.3496365019705743,5.20258990260608,0.13035514528278264
-17.406210618238457,-0.8409852812604982,1.4913108861914817,3.4998719022351135,19.65341694990491,13.347652392127728,-12.632861093476063,8.350456544857964,4.968112467601936,-8.740814995019438,0.23826042259114893,0.12870051974435884,1.3351312952699668,1.38658861877022,0.3886984766408238,4.513845530954665,-1.7490031888774804,-1.2051184474228602,1.0326758013925088,0.2024021931492383
15.437503381599504,13.455113080879794,1.1884155897634383,-0.6778901294870201,-16.190691292406065,3.7303585188686483,-7.512619513303622,-18.79940612582454,4.311790475592777,0.6409563954808917,0.014246280377786493,0.0979658476064382,0.5200629456331526,0.27962170240472384,0.3903402963931092,-3.811398790936904,-3.350936819142504,0.5323075937498443,5.027499758893486,0.17658849849722355
9.305179639553504,4.423115316003066,1.9435512083518054,-7.983509042754734,-21.770447960430953,10.857389801590543,-18.400285687346177,13.462165140752946,2.8703098766338804,-15.472416475449545,0.06340027580194499,0.14844547582457163,0.33881324038077404,1.2605608282328948,0.35521727650936646,0.4735710331918197,-3.0761367768896752,1.752463434254925,3.1146236149028224,0.2173744753052162
14.034361402611562,21.893979740066005,1.150565858239283,-1.0176033467225174,-10.553404795920498,17.23393621553206,-17.889792309810055,10.012210334192343,12.928918118909289,-8.297352821266909,0.04087349878032962,0.07525736642714069,0.6930579059952985,0.7836520544424723,0.49581534479894107,0.5785165310753024,-2.0657599108131643,-0.6020561457180555,4.228236529238704,0.15477455779912597
-9.611220599121486,0.28620879178708863,1.3152422338043142,10.05397077168718,15.35267369135571,0.724587809764305,-21.21780266422334,-2.5077263142096884,15.793009733998439,-4.610803673719243,0.030496598517599435,0.061436687452340495,0.5945322064110952,0.8349264611665588,0.32955923166505086,-3.3079834408176922,-1.1659803697611029,3.595700993276104,3.9189103690678087,0.13984242914960976
24.151367979308894,-17.85380200544353,1.0749337654444213,22.275228627702727,5.232969805917635,7.689217565598021,-6.536516214176294,13.551818761691905,14.330709061248085,-13.388767013832133,0.035456709813414845,0.05221699255882033,1.0685215137630875,0.6354820784221882,0.478101680741098,0.11977034608850445,4.537447192874438,0.15645122673635825,4.15877172118362,0.12892317463612948
-3.8648713744982763,28.12017046888221,1.3092019321583392,11.628197154550332,-13.712163065873403,4.756947274978479,-12.59088734882673,-4.349612809627794,-13.567686126598998,18.37626365614406,0.00758270294948935,0.058075960802019135,0.5076941522604127,0.2571730635350716,0.45772190980363686,-2.0335896205784265,1.407544961019469,-1.83066564922325,2.985867922099524,0.135963791036088
9.609039434974758,37.09892625218021,1.8898805510699335,-7.352642781842879,-22.588250000027127,2.8542864279888107,-2.557769413515634,-13.065034767534852,-4.48269760408704,-17.309976565122554,0.004116715441528007,0.10725046749680361,0.04119245906751912,0.9318240939174804,0.1721320174070633,2.6893010693852917,-1.125459780640794,-2.000396939435616,2.362354822614872,0.18476710773854177
2.217803053950296,-7.092815089904992,1.5144860279521946,1.5292174797403837,20.827623432248007,22.223835392494983,-10.996172012886442,15.695211309733548,-5.068225878334475,-6.949595668451106,0.017843744392278774,0.01748825751778559,1.1804841869222418,0.8643293883160108,0.5204162612494891,1.2758457155296652,-0.986022507199328,-2.313110820198716,4.856979563934107,0.07461022222215366
31.468744037653554,-8.183144862663642,1.2338974946458237,24.353451317054166,3.615078775375683,-4.691703685223871,-12.71984335795355,-9.231233816881971,4.5372244328272835,-0.5812617103445596,0.0017665509831778926,0.012919319969906175,0.15636376510097266,0.8744810486023602,0.568291135605293,-2.532450325759086,-4.361378356566206,1.1135726862006727,4.722682661363443,0.06412758586749394
3.7128359607963555,-13.330066933299975,1.5914631713977878,4.289145366309854,8.843073288549796,8.868014544195098,-6.653917391243897,-3.9710840075502496,18.595278747813765,-8.41524684466612,0.024494794701669056,0.0401823029250748,0.4285783256161257,1.422357531330816,0.17203197908943496,1.1205536991830662,-4.6704535856423,1.2737477471825542,4.280203083806565,0.11309475792751474
14.743369409144124,2.0461392806056433,1.5366384845111192,-17.952590480202414,-17.193265363496888,2.20168515560648,-12.032258468991737,-0.6813229345268689,-11.18105083346051,-1.7883190596841487,0.027348658085174418,0.08482470269665136,0.2942809644238714,1.0955986914814924,0.16645941585452337,-3.6279214232529258,4.80566821633159,-2.076366932575,5.858983767202088,0.16431841485647608
38.11960707258892,-8.44666078487865,1.8470202532917543,-12.965311685255024,18.10513511693162,7.0876459894746375,-7.49002652653472,-4.364048361005282,-11.489959296436043,2.5823249227505514,0.05653979282757763,0.04037652659360319,1.280102496646476,1.0939072793971625,0.5266630772304621,-4.14599341725483,4.588825090042649,-3.903738718523222,3.6321300402037284,0.11336775372435774
-21.01811111953288,5.234460328883195,1.877680087284276,15.557328206322929,-1.2772476269089275,12.29371812752251,-6.9477012877179565,-3.7488713550715596,-11.145395637621913,0.07353537966839241,0.0030390419728764666,0.0909253949993174,0.1601730850717623,0.20867093466522102,0.5057646573987132,-3.117088989049704,-2.4677544248487058,-3.2713459819937194,0.840765872948041,0.1701248133972494
19.204508602840775,-13.021944217896968,1.3286661591545,-8.270475537580454,-12.367518626636448,15.997940084407503,-8.68170794544329,-5.486414318003822,13.01597008263336,4.28848025820534,0.18188390613939068,0.11683181851977022,1.1788111989565409,1.3206534882162326,0.4244803016614616,1.64230798362187,-1.4927530196837981,-3.7141740679245547,5.735857402730817,0.1928437783691072
14.564531913099083,5.495476269785078,1.9674711971683745,-2.0232950221596635,18.73612453526702,-5.573828363201887,-20.735378266779517,5.306670292011039,10.3742958446304,14.397849194266506,0.030785122233918372,0.06552717818690049,0.4629633871248114,1.0147820330800401,0.1597485041238362,-1.3856344754524361,-3.5953391756693422,-4.858066481311284,1.1753377009401056,0.14442281201602905
-1.1519253711839508,3.6265637418794916,1.8572081733201617,10.420350095854,-19.688034010876724,23.56607688974706,-17.55547893067777,-3.0234963331133815,1.223639585914048,0.4602367315332856,0.029128715938040842,0.024138401945994457,0.9436177686790918,1.2788414826878525,0.5819642535500363,-2.2614656600698835,-1.33471693662786,2.3608910015985876,4.762814981709557,0.08765553020824235
3.536370534243927,-14.215859636468304,1.8071723553413248,12.414518305466048,17.99008821424545,23.462022200183007,-3.7463622973939343,11.371624408640043,16.10022879396617,-15.773347379155776,0.02567908805314362,0.025344106725391374,0.8140961627070186,1.2445916989786963,0.2000345753227076,1.8784159140889303,-2.36997381868112,0.2818054256244862,4.131282402122255,0.08981803675871107
14.967868469683694,-20.569602955888914,1.3111674725747076,-6.987224505586366,13.621268915698332,-1.8163440333781047,-19.68065139120298,-3.8657474530213674,14.091328544111711,8.234161762227622,0.029125208927012862,0.02448222402334354,1.2305101399757157,0.9667918595593916,0.19604481799776846,1.470298977905916,2.9796143259741426,4.392642078422433,0.6112716134397435,0.08827759592556057
32.84768309857453,20.98312961705133,1.9803918557442486,4.892747461705306,19.95422894683271,-6.039463118277716,-18.235917748245118,-1.6092899865912804,3.7504008831865927,12.093934664243442,0.0006246645949989209,0.004123540478200178,0.41094692584307474,0.3686301843300315,0.45241640349391016,-4.385847983571635,-0.5800468873937037,4.772062213569363,3.4087468013039794,0.036229321002333906
-28.87999707721145,9.310810585092748,1.799332828840072,-22.804408261765058,-3.578959862161,23.916292465733584,-21.378625223504244,17.92112630104692,-1.8091644978128019,5.813790642442392,0.21901342903369386,0.13799804983316685,1.302193345121406,1.2187715960303944,0.4115225902736259,-0.5639886799328853,-4.095787672947958,-0.23628279427602905,1.7587554527574392,0.2095856472566297
39.14981895693672,-5.039576732158863,1.890487300703834,-10.391255080473803,22.5344033714464,11.560157433152284,-17.68663367497104,-15.975336892130569,-3.4055117900797285,4.4601137644999085,0.02212783487373526,0.09603611065463702,0.6830063192757276,0.33734916280249816,0.19804666286642464,4.073228225279596,-4.0791439800233285,-2.285551852195409,4.636435988537078,0.17484062300281203
29.451444692155455,19.60006555499643,1.9040938641119034,-8.161248061045262,-6.975991867559151,22.41861427279906,-5.016877803452834,-19.686846095004967,-1.813990709908528,-12.303165570197114,0.02243069578566614,0.08141343858014569,1.350653396762304,0.20398711332652036,0.24133102801134215,-2.268054356551813,-3.564759801886371,-2.539365066098165,2.9804620745338215,0.1609804409494433
-7.447498731464994,11.47609675936525,1.9774674348382475,7.179677156384571,-11.79218115403275,8.18238355772111,-6.663359946852684,14.097762827041626,-0.6759621471922185,8.814163932623273,0.10472404701248847,0.08841851030310809,0.9799569876408856,1.2086379024011418,0.5832409570741672,-1.4474477086622892,-4.9825973611223064,-4.697994837287368,3.5992126234790005,0.16776318413502606
6.080930366051486,-20.4399421666937,1.5328176445229014,-8.287912319158908,7.341861472141422,3.534893659015893,-16.79102130227857,-12.624751665614347,-10.420532757420647,-3.7688425191385093,0.016513727875224146,0.051591345431692776,0.265542967248999,1.20540632513215,0.16017872998527008,2.62960351836131,-1.0036693788376216,-1.756227632864106,6.227668626879443,0.12814848923194824
7.87093082039515,-27.441022491156712,1.3866570305361248,9.566750852480173,-2.8528780045583266,19.48364306874373,-24.312552226321394,6.405279993850676,-6.165867684924505,16.20299796914012,0.000226379500085487,0.05885992898667783,0.05282724247022365,0.07280470076250689,0.11141328131890851,0.08704470347661264,0.31075903815560757,-3.741836702242658,5.199987193297478,0.1368784033240285
3.1669677904203404,-18.643131383259497,1.3762411806257395,1.2188512856860922,8.182154077428658,0.5010358197183322,-8.933166744442348,-7.250894415721952,7.497698707561371,-18.777331413073092,7.204950026989078e-05,0.004689561299271428,0.6547492806342368,0.023465171133126683,0.4194667704800194,1.5586860892912977,3.662985621947829,1.3594328368810862,4.448001581986851,0.038635912353961535
8.930797927386317,2.1313381351884515,1.689018108987984,-12.125041085387792,4.247673876498939,7.81711521032986,-23.625806107818875,-5.092070475760342,11.579356687707893,4.672962853740813,0.02766066723806197,0.025276882429832972,0.848256879765161,1.2900654758246322,0.0855680268597179,-0.7666703330342273,4.689348193690371,0.436967954279015,0.33363681332432554,0.08969883817152367
-12.234007360529725,-3.094634966237611,1.4485016996378661,-12.540574236825316,8.827143717412028,11.594684322020363,-3.0083955410022845,3.925056926995903,12.215653714579762,-13.442247354765154,0.14803537908423114,0.12946970229339078,1.0184923552712173,1.122637634794844,0.3637942203159512,-0.3086114775861084,4.670191721934721,4.378114424733861,0.2660593252638859,0.20300612355606046
1.41511618021591,23.062819352789923,1.673940757608849,12.64720534640074,-16.71006614205584,-4.249913154612283,-12.28732472044833,13.167328064830437,-12.526927121260684,-5.300777761388801,0.005716075976236276,0.08301918601812985,1.1355790511602482,0.060632035670159956,0.13701885782497344,0.016179350201212195,1.169526931554418,-1.4229593557934361,2.4124674417629146,0.1625602277695927
27.854105968120013,-3.1891817882544755,1.6661817017625702,-11.078011417137155,7.844556993264159,12.298410757348456,-13.706818832704252,-9.716805602703163,4.952503972200303,6.847099377007293,0.12213389660965623,0.140030343035879,1.2215762360845315,0.7139922288807716,0.44652569449313606,1.9987309285759842,-0.9776376661217157,-2.6137503632026826,4.32973764017768,0.21112328756920162
-15.71759774794149,16.241936394526867,1.2737432993443587,10.12857104242707,-19.696600610208456,6.126593848545358,-12.768699237457685,-9.41120004501949,-4.051584297899262,-17.00753537114742,0.0077128108935068775,0.015108527890990944,0.5236763736181509,0.9748270058954078,0.339527315456164,-2.704360354791321,3.291899040386939,-0.7099041389696046,0.5166422694793804,0.06934835105023013
-7.133063561133666,-4.113064347441705,1.0282498495927643,13.735807361985882,-2.9781579999295675,9.070037835967277,-7.100390257647356,7.558016781660511,10.720037924307391,18.892315930850195,0.005139953389657849,0.023407294139031042,0.16669562500115884,1.317297193090296,0.27312831810056176,3.6487533544275212,4.488004548856127,-4.907886127986107,4.077400172432019,0.0863178610327288
7.056428021502222,12.807805276099772,1.861516804736707,18.08915013034889,-5.592007246859709,1.4838614838630804,-10.247218473079508,1.7890944511445714,-10.335026600372215,6.8293915559342295,0.016136162527772023,0.08430164846914764,0.18591428677601596,1.0295594462208995,0.1367118693724425,-4.937792048497008,-2.9208096381964155,-1.8346707416933494,5.91142200597612,0.16381101345550705
-19.996225807841657,-1.428870707318785,1.7537945687536984,8.495587450406267,-7.285170624385806,3.895417350945092,-13.012010384323531,5.482149621488934,-2.701574479622092,-17.796783834833594,0.002819547334301005,0.009202998715267603,0.6041444026304768,0.5071182877029294,0.3840634544659167,2.878644161377423,-0.8808776284626898,-2.389023054036563,6.1401574003556325,0.05412398242559764
16.8506359328059,28.78534599132891,1.1125274965591763,5.089124261675612,-19.643352729559574,3.7114691998054994,-8.408610150852931,5.096368762864564,-14.081066796613365,11.767053959304437,0.003376328727807982,0.07324636063330756,0.4289735276278332,0.10745538407953603,0.18014023715975866,-3.3066139044599288,-3.3575839111751318,3.8498567925044362,5.740560507617852,0.15269263478165873
-3.8022580715644914,-8.500796212600646,1.4210448172107042,14.239936782861944,-7.70401397453653,11.24444520440101,-1.1931794002900582,19.074986889303194,-4.993931483497025,-19.91390822230219,0.0990941884520358,0.10738597364704162,1.1479061661441234,0.8038855780754521,0.6061966963909037,-0.7336404450421599,2.3680163140811485,-4.865583829956368,2.310625234338664,0.18488379336579333
9.255426687139192,-1.4473445351703962,1.1313718458167243,18.426104554876126,8.524858593540932,21.28809234851618,-10.915238141457618,4.610241942314397,-11.74357935831162,3.0494209740812117,0.02279922830481042,0.12444512915187093,0.7253380243635884,0.25258165215712947,0.48485870582176316,-0.07929653616289478,4.004617849691233,-4.086510854447008,3.5831861038152266,0.1990279249162267
25.681912519573366,-14.156933990478068,1.8852105347610668,-10.20773091832601,17.891563081777996,-1.5846941788560045,-1.7525123656253814,-14.33648740228218,-11.029586370725127,-13.385413446848474,0.07480967722423394,0.08566724120361932,0.7894082447453916,1.106219581369793,0.28633415149916536,1.8575316226148333,1.953947273344654,-1.255644495376873,4.7391408805466915,0.16513246136724122
2.4421766336053476,3.9003750285131273,1.6261124821844972,8.770927284717121,-4.171206963159672,8.156265689184487,-14.180206972103878,-19.057591854108754,-0.7643752508746146,-12.891206971020761,0.0011183130556909544,0.005871323040516121,0.689505086550568,0.2762421495529956,0.4077771080225417,2.770644975438497,-1.3679406342414921,1.8234531571598822,0.14045560486354763,0.043230778026481946
-7.21443807907247,10.626834070404923,1.626491925289832,-1.1723285525118756,-2.8777520616012264,9.03262482160467,-13.815438672864653,-12.760001606404897,12.49254569711415,-1.970463123944274,0.0070455899158083,0.03959601254252611,0.13766040286506231,1.2925783349908682,0.5848291024984524,-4.451214682782407,-2.563205832042794,-0.47907696054227245,0.755529094549098,0.11226665687435176
10.589019928723031,-0.9680890490418175,1.9782789798148217,17.21037100667297,-3.4235297514404692,1.116762262952676,-21.804269215279756,12.635013168786331,-10.732278733495026,-17.8465345241854,0.005120906068761456,0.12027402086167624,0.3114707125583373,0.13669661594232002,0.22566717688111204,-4.433288110160667,-4.192233635952565,-1.818423119735951,4.67047212547874,0.1956640229867183
-28.14311758213414,-6.540895191135439,1.992597959191762,18.086532383995255,15.156509762879164,1.3042440477913182,-13.350779644393318,-2.918488252444472,1.1198158782275334,-2.6182207414595453,0.005609328888178687,0.10544472688746227,0.3472267686662419,0.15320496481565604,0.3821557171272975,4.9003695326196635,2.412186997659413,-3.616372117038178,2.665356874783846,0.1832050736585344
-8.351199523926978,13.070683312528885,1.9858807348906877,-7.42190522363974,-13.183632378671131,13.18747572013784,-22.27694312775131,11.365239729605703,-11.660175945635249,8.188716650438678,0.03387725085885897,0.053741056194377176,1.1280102314923086,0.5588418525157245,0.058193335442341634,-4.027923223003378,4.821383720019272,-2.880589763825464,1.6326046410562167,0.13079109098340336
16.18659919126306,3.0666711623266534,1.196155393113445,-10.411615731046709,-13.625933421483696,12.69481933282161,-5.035674730781649,11.99407502727292,12.814187551228017,-18.335972618586315,0.03527379208323517,0.05552606222522225,0.9630118955831655,0.6596652752993308,0.2805237657091622,2.5384445613467355,3.369746931455648,3.463580979273866,3.2969050783908447,0.13294545703838312
11.012724953507737,3.8467926960356578,1.7163914038648636,2.6146802165484484,-12.975142413045283,4.427163478959134,-7.632862771717557,0.7333822500033342,-11.599422091385302,-6.264624632974698,0.028173367860611736,0.019153649972047077,1.1219610540480365,1.311020363907397,0.37946180143173863,-4.6335176982938355,1.93455006434918,-3.8990020068822187,3.7842811890329537,0.07808198346998155
24.569723421774903,-2.104326427887126,1.2351036846931511,9.98247437477317,-9.644555891177612,10.807468362947994,-17.42402289243328,-7.558887863773799,8.045607642392394,-9.343738614251006,0.023649535565170413,0.02469849516198279,0.6748889116821422,1.4187955914673531,0.3202677492718778,-4.838951716302495,-4.180977902500583,1.6258058462675242,4.780609792012447,0.0886666520396572
-5.372921849159855,6.716433009170579,1.6183499437001205,4.324250232772354,-8.705932402651658,9.597321496642905,-7.136261257816965,-2.711203343162304,-12.044201891343874,5.664788041912718,0.01566661079761156,0.11234443410067861,0.26446067045866795,0.5273056185907512,0.2668773953774495,-3.9560163799439527,-2.5202295843741984,-4.46929149036891,4.9441947673495115,0.18910405609602715
11.864242820763938,-4.364675357890509,1.0824427908201395,-9.968165273570992,19.536121619703597,3.815501078504834,-22.12537852208551,3.487943786204599,5.5552672925456505,-12.556606003560248,0.009159177871242947,0.04097150577248926,0.30598764695244646,0.7305848698531341,0.14832543079949284,0.4883756999981568,3.6731533952929105,0.6233613310233981,5.549919956710342,0.11419997959377917
9.92874303559935,12.713651687875261,1.923053149548179,1.6132255091937213,-14.766216425868704,5.412283458179729,-21.779316781540157,19.199893633937602,-4.374180699135278,9.351674699095351,0.004637713726144563,0.04635237215839349,1.1934108547526923,0.08383820836737743,0.2811357897311043,2.197181570867576,-4.028937957829769,1.6802193458021417,5.047206005296247,0.12146776653123634
12.216049692802132,-2.909670358263722,1.3287593139290952,-16.675677057306448,-16.23415346675332,11.52421892261603,-24.25980041648928,-6.412045664353806,13.830070084324317,-13.113821700330455,0.08019386982586132,0.08563585163243828,0.6503401906847309,1.4399418569253726,0.5568928646114244,2.727554271077299,3.7559299072793646,4.604010377539435,1.2144108849783708,0.16510220527410716
-8.941448718086292,-7.021878275083773,1.4765505133670436,18.562681520951568,1.164426445890778,20.232164309518723,-11.266486216498956,-6.283412081372318,11.705053193251638,6.607725876431868,0.032032026068213836,0.0885091743360094,0.2712807683441145,1.3340653767787567,0.5784372469796654,-4.790042282093832,-2.9377599273860544,-2.978696148933718,1.916121967307216,0.16784917398997362
37.28051668197172,-11.444535722576571,1.9754438752411512,1.7056584098779732,16.053205316055145,15.253450978451504,-22.922366896575888,8.735577008836986,-8.924876051120542,-2.9898168403547807,0.005961398007836062,0.007676921391719706,0.67627770149328,1.1482486845074913,0.4343773056006094,-1.7114308203058934,1.177976073318563,3.1389149719997462,5.099352827223374,0.049433186974341514
28.464162030946824,-12.254085014336493,1.1793685738785187,12.602308052178262,3.199919997642751,8.75745685839803,-13.78186558554179,18.83230114604083,3.714499460768084,7.425121829150328,0.010812155918700295,0.025721696537204075,1.089620153980021,0.38577809328216606,0.49571300324992773,-1.0079589438059502,2.802136418547583,3.492234566786262,4.615221169260976,0.09048464122275908
7.239087482131195,25.2372621244823,1.4056568666692169,9.424754601059398,-8.755742698302523,22.29043282351276,-20.222142622886455,-3.5573800599361243,-10.179026886084156,-19.833589699564953,0.044437030870928255,0.04276393277864821,1.3362842367825762,0.7776220192110838,0.3770557343814287,-1.7637697598797386,4.096603574143758,1.9857245024428538,2.4799486176705474,0.11667125856672152
11.238835843753487,-3.5939446804428656,1.9376438425225326,8.289294566703889,9.7087803489907,2.3695040249056767,-11.156510736458848,-19.582161305230706,-3.62323293424657,-8.352318198942005,0.13099139432306497,0.08368799117100523,1.177267697479575,1.3295491414652478,0.3999137639981873,-3.791875516558052,-2.261268764315185,-1.7201629350890766,2.3544508855162385,0.16321370942599384
-13.514012980032229,7.734856535984955,1.0784894125267885,-0.7857372612498053,17.782422718954578,10.916044765765363,-19.774186538247918,-8.370766112735195,-12.336114523473638,3.642996072423589,0.17472978239951478,0.13508628456649233,0.8696472159301633,1.4873479121675839,0.28086988067454816,-3.7612366147804854,0.07161683999386792,-4.560875559587013,1.2173887938529078,0.20736272535186098
38.284397392880585,8.281541848719508,1.5616792531737254,16.254140331670794,5.938801334481853,18.206466371848038,-9.487870597778745,7.4583213416346466,0.92294130457092,-3.293910100205629,0.00010306545332919549,0.0034997169524775855,0.13667636362231586,0.21546998481677737,0.22960006901364366,0.7919271247262003,-4.768172803517258,-2.526057683616062,3.9683328441568833,0.03337655621568263
15.204519375141295,6.470465586462708,1.0900794944135002,-11.596723723904434,-17.331979741812514,22.071788672246775,-19.021570526569867,7.774980773291679,12.56487357550522,1.0027093769447468,0.09157030914657577,0.10645255656821544,1.0762135481834318,0.7992821781810326,0.13235984155839875,-4.1389819937817505,-1.6567686968825757,3.0531900504552194,3.9266436958933495,0.1840785190216452
-6.078049912265811,-16.83476720406339,1.468234559095638,17.907288514576067,16.090246437001454,12.474008069162132,-14.824358791956945,18.12543319560008,-2.38326100652187,-18.15494428723553,0.018623444810189106,0.020169445216472112,0.7970529685025114,1.1584542310082733,0.47436838674970827,-0.8591953931675222,-0.3193103067840841,-3.735786610074827,4.564924828906891,0.08012573750827783
29.476978436016154,-8.28856387191057,1.2900831291976642,1.7655480643127965,-9.722498843587703,9.461364468719516,-20.1937126618512,8.1097193979654,-9.980053009405317,-4.332898404688956,0.020653193681865134,0.04069334258487125,1.1420691746813143,0.4443973324933033,0.5512270837178949,-0.9087237086586919,-0.14812712346385926,4.4194864002173375,4.964297751535521,0.11381165690134017
-27.868977268569452,-2.7286754136167386,1.6439536783342854,23.771635008512007,4.823678888792859,5.852077540771106,-7.377160366767876,16.22078862781383,-10.936899407890008,-12.990219772214143,0.03511133473255645,0.052401442876152345,0.5803783351539493,1.1544972462199916,0.14867843188987223,-0.678473661971025,3.8597819991269766,-3.6609653715907653,0.09689673557300935,0.1291506767995215
34.65772895789492,-0.3204468566545978,1.3979040236973765,10.5063098334859,6.09621529140553,8.439394694051884,-0.9171884031452576,4.403245301441968,12.24503587158857,16.976397689289257,0.00384657575163855,0.06236761821403427,0.7792618079807315,0.07914650447060934,0.41243150694350467,1.817542129125295,-2.050875739171276,-3.47785057347528,4.532012115247556,0.14089793985457474
10.007108992192173,13.275691434162704,1.6897690552635694,0.6164290546069489,-12.257696867242586,24.187864615034535,-23.756752292213523,-9.871161544088304,9.91066710494027,-1.1203779129671751,0.0054500499226947,0.007467393845711709,0.5782830994676255,1.2620917354538899,0.17247496529513587,-0.5416618437407958,2.7955796806549316,-4.886468248658968,5.760698419098834,0.04875392584313629
31.694271306501918,12.514886897468575,1.4411229248532536,-8.544669734057663,10.475192175190905,7.224803855022685,-16.327875551413122,-9.224019558807457,2.4887887840578267,-17.73422425769553,0.0137032224752035,0.016671591053380234,0.9349147024215151,0.8791716402130028,0.3537960894457927,2.937610761997787,-2.943922712067657,2.8266705815052493,3.1881306941625045,0.07284732150672504
-1.3662357319109517,-24.42521109751991,1.7303771531323793,-12.420169872796192,13.422570057356587,4.786885404182851,-5.279209048658823,17.07294293404955,10.378416558259614,-3.9373933482788637,0.06615917158875848,0.14380926410689177,0.8797837375435935,0.5229103821953212,0.45987727336745987,-2.916704482039952,3.9262776175423006,-0.9875106179559339,0.37740722524118014,0.21395305674385542
37.119831224374224,0.5482561080134856,1.3152387788524569,2.2528848577033433,17.926775880300525,10.378990641591265,-6.474589454209827,-14.9130354346614,-3.5355652652047636,-0.47586417148849236,0.11853312950883682,0.10057677222804526,0.8584602960065361,1.3728460648536984,0.308295947835952,4.276468149943634,-3.058379156370128,-2.5632874778329464,3.510376328626661,0.17892618847067113
17.167252584853586,23.163682754134435,1.1374383549560696,1.426994949652868,-9.434459566566497,7.600836757262911,-16.720772159681314,5.751367623664905,-4.70415738423525,-1.6709976343402033,0.003417893516244242,0.041726283070395435,0.3660281216996184,0.22378675301357254,0.43469537356398485,-2.900367421956487,-3.484801446950515,3.2338468903057596,4.321958252127206,0.11524707551608503
-27.35867268726398,8.587616351921222,1.9998986740893665,21.279419684517205,10.500684870562338,14.839688605928927,-21.920502379322418,0.3513545703588422,-17.50724321451697,4.869844773083962,0.008470936631331832,0.10929113844170953,0.3702877804047493,0.20931825358447337,0.3403232462577379,3.586324561817685,-4.5365961794035385,-4.595777352549524,2.698266469288824,0.1865166208097216
21.44944200012015,-5.951615271690053,1.6497166772103145,-12.080720367982961,20.855851214613676,2.4514665871411268,-9.127000700684597,7.706976121483005,18.154039059187014,6.050925069292198,0.006850827379952242,0.09949846965628036,0.441185236054026,0.15606504897895712,0.2085802028034499,1.6239592857223473,-4.634933461641358,2.805107600677238,3.587259921249032,0.17796445305664824
36.246490922791246,-0.2368542662275194,1.8430710310707994,15.021914469266223,-3.699460969998334,16.469813549592097,-9.048537598122891,14.937407206752592,-6.638258441206439,-9.563122601147738,0.013442014722282654,0.04593518582007792,0.6223568059529135,0.4701965583235455,0.40755913236878616,-2.279480796559805,0.8186559689362936,3.5272932616069568,4.958274105732239,0.12091990642661066
-7.308466279610317,-4.608689386264304,1.446042760305033,22.771441972811893,-5.758128487708109,3.1355388026594753,-24.144214374265005,4.96961379565374,10.252495223014385,-1.6469536475019488,0.16999574732415124,0.11556472688091252,1.0388084265599262,1.4160457860272908,0.06299579552126698,-4.034752946280321,-1.9363096784781475,1.0035244602341304,0.20190066930768075,0.19179519039935314
13.790794922966915,-2.498907156917743,1.409365850572879,-24.57395735091964,3.993957075073601,16.34728550138813,-9.857717394847626,0.4530387080814995,4.65546361536524,2.596781369479359,0.09110468370555971,0.12513023310145382,0.7752818584644211,0.9391151126511612,0.24745992932251082,-0.26380210619747846,0.06492014005782387,0.5124264520318516,2.9589335629041713,0.19957502413046319
8.795919472072475,-12.727964287186152,1.5406888022252883,-0.42738958348988804,-18.38914746236797,4.78146539445828,-10.914239061344565,12.748199373879734,-10.556832118640077,-15.000792899107287,0.05759039442368883,0.08995928650973598,1.4072881450830468,0.4549053258853669,0.2652712772739192,1.551501320308807,-0.6364409738240928,-0.8223025019148613,4.504265293169172,0.1692185871885505
0.4780249328841109,15.600537239772287,1.5174145315613372,-11.175891742761657,-21.843586990119363,3.0557831332366625,-21.597233869039826,-6.36145682099493,17.411014333230245,-2.987376802371294,0.0040782803341455455,0.10995573017013878,1.0997517345376155,0.033725978021672265,0.4710330566476873,1.7656309709561508,2.399881989679055,-3.4240054033720044,0.29881716361467003,0.18708285852988368
1.9039471915170196,-4.143806966775192,1.7006170201429738,-22.296813590092714,5.299200327286861,16.38275643063725,-13.49946272307212,18.39108463243843,0.388819331627799,10.021565295921597,0.03523340869236587,0.11096026590708798,0.6908389773065605,0.45963208787008336,0.3404547329300181,2.1688636082679214,-1.523150599336117,2.8443829322740664,3.2122494894644564,0.1879354932199033
35.05017667086332,-3.039054797245871,1.8488318540187638,12.766480264337416,-9.343855577042621,-0.9283347490225644,-6.0945938828158965,-2.949238929290479,18.305334177854192,2.6724261638124425,0.0299828172612208,0.06260591598213687,1.0489481613941871,0.4565654436849567,0.18860914093492942,-0.7687749489200089,-0.7572040485329259,3.3968291697819186,4.456500495294942,0.14116685868399123
23.25303866148081,-28.66077402137796,1.6450230224739146,-13.727777972958785,17.73319716942817,21.768168446231904,-14.962384547481513,-12.94569883130493,7.26904201417379,-6.685483981701852,0.009157595557813975,0.033214076709353314,1.2231609991565426,0.22541128239424835,0.4357667942015477,0.7169375940461142,-0.6141036996966953,-3.0623441514394623,4.446473690399074,0.10282202573891426
24.07960105606251,24.706313888579587,1.1019035312289351,-0.02416011941708136,-3.3907561759103877,10.979602323047537,-18.627392625084607,-8.707267542474582,-9.928423359859806,12.71734068298025,0.00047426897263166273,0.03803243401018656,0.09489115357042674,0.13141497800919427,0.4679929469235377,4.431896951992842,-0.9344899528358797,-3.428179428182551,4.557547561788707,0.11002772260241966
4.746872780534745,-10.327900006856959,1.5815144399896512,8.868160835666316,16.416493288720602,10.644068495390854,-8.346734606046653,-8.634075681876954,-2.7323014729302995,-6.604403691094944,0.10017680530436049,0.10636819829278145,0.8807896964319688,1.069259577681581,0.39362573457438216,4.287838963394879,-2.995974272308939,2.1878623917596576,2.4865142645855967,0.1840055681009413
-23.087349916445604,3.259266059060552,1.552503043133619,10.213604193559174,-7.095502247943748,1.0887867390103594,-6.51815345602428,14.215108813447346,1.125626192023107,5.7885634487049415,0.011692053048577615,0.05345074666909853,1.206792294543815,0.18126104200355503,0.3108574835739989,0.47506572646120837,1.2794240043171365,3.5851862624713444,5.9104630733166985,0.13043734545244082
33.06859626793939,-17.86305024523545,1.1570514381023722,-10.589198747049908,-18.522610729540503,-1.807612995936175,-3.4865211007891874,-6.7575008185824075,-6.402608270710692,8.057678550861343,0.009228515108790504,0.06960270136797587,0.22250916222099582,0.5958786615236907,0.3821649803540611,-1.8375044215109892,-1.9705424825439688,1.9958404837251456,4.9830080148066465,0.14884632326841254
6.1423829819761036,3.0063259996875678,1.948722929066556,7.729806052226749,11.406585562694433,9.754376659543105,-21.912088609630864,9.541792376046057,15.597901127715721,-10.119624308328863,0.03387945360173242,0.11276200139658905,0.9895071264412761,0.30363700268481325,0.505380681173897,-3.9286392409643565,1.197264678089807,-4.352857825692672,2.6338475534246024,0.1894551657527572
18.658944622948805,-22.040061879280582,1.9766750576523262,6.692463897582875,-20.52158065348112,-6.984205336449907,-10.961986719074057,13.299172688773295,-7.113700951612572,11.297362046777664,0.027732605601352798,0.08234934938387004,0.5491525586681826,0.6132499078805429,0.3164624686584641,-0.5806720460515793,-0.48165064344504316,0.5994800622963439,5.5271458541213505,0.1619030945648936
-1.1151955950025034,13.136951192829116,1.28036367450804,2.7206695368043965,-8.341745629186967,13.200942022457298,-20.421971993730505,13.744366819352823,-1.7159155455422181,5.36614804962602,0.00032307183387111633,0.10029621027269695,0.0598162715852881,0.05385118123406296,0.2173146531549178,-2.597594931024773,-2.7078068944591105,-1.209888957934874,2.0781305379233923,0.1786764541750471
-5.515310043338961,5.511253661809588,1.5628766983881794,14.562621087721574,19.222247988229714,-1.3555732367297963,-10.341942183838603,4.128308804952941,13.207545363408782,-0.2240393398276268,0.05290653688327228,0.10033036785763454,0.6556314482219456,0.8042983046320373,0.33591407243462873,3.8897890492418927,3.1512278441584254,0.8807922400066737,5.136361308568234,0.17870687724187198
-4.597523316752286,-4.008142026143886,1.7726648461796553,-8.885764744845476,10.003714579941187,3.0556256557914203,-21.52022974037883,4.802828732906981,12.19088119671711,1.6165842525869252,0.13371173317345558,0.1317846912125881,0.7521789310258166,1.3489112926344347,0.1557335049665297,1.2112009773682235,-3.66990046819504,3.3813474169162703,0.39742761181055836,0.20481301242998434
15.483910147506476,9.561838039086165,1.8165204747295784,19.813649976189346,3.156920963424493,14.72633959472234,-4.800035780203851,0.13334881349902047,-9.490867289253273,12.395437859629673,0.007743189264553362,0.007796643481831528,1.1925714333868105,0.8327752259528651,0.5560288451628019,-0.5142376876502102,1.1994929292784935,0.2208526137407416,4.823882192802538,0.04981715266168257
10.465328430739785,23.135025309104478,1.9467079691114768,-1.3387440772917543,-24.757450459865616,4.496408963512337,-20.100254544173563,-9.092252171601592,-5.82531272969764,7.2618642909052795,0.14074835129782598,0.12763915279476742,1.2506327329791485,0.8817178075136441,0.3411568522156263,-0.593032985972858,-2.238790850308562,-0.1948891949454481,5.771735451092139,0.20156588054206467
13.908844202104234,6.598799252179077,1.2214288200064254,-16.964737013824926,-9.561793457162672,5.899828963132208,-22.90103694314493,5.579482232674916,18.42182620678278,0.6184222734530493,0.011376345048329167,0.051527619866346894,0.1502733935687385,1.4691988495512356,0.3897972017437872,3.5225516632967313,2.4761915832553694,0.39627417985810354,0.8186528429463719,0.12806932035026386
15.802439487687346,9.000896904856777,1.4050319380596787,-2.0359749375218326,-9.090598289017965,12.750318269020283,-12.524030040315322,11.745886594345377,-13.461812388171769,-16.676198809661496,0.02664774392502493,0.024829856279961506,0.7490880849908476,1.4326937003862077,0.46290398791584175,-3.396698045263685,2.651493741149846,-3.964679751298071,0.7401171973625589,0.08890213004441698
20.504957096177588,-19.33768697376094,1.2584918907498213,-2.542899758352681,-1.4032584546241444,15.113248479680173,-3.145647530903824,-17.52263318848127,-2.4359240336781802,11.950366454593777,0.004992732427549126,0.04010957151747408,0.2517294344215222,0.4944885834362748,0.3448961588975673,3.8671214565339866,0.9384021828563558,-4.301400306796001,5.054902497215523,0.11299235878858263
3.999701109932966,-22.74789448304691,1.8698410293522376,-2.8314471705979396,3.346837658544272,9.743425716618987,-16.006240922255536,18.821341285722237,-0.7692131204125291,3.9440483832290276,0.014147681693306685,0.016230037023353388,1.3285193878166102,0.6561420526343573,0.5131994830409644,-1.1465497121202803,4.273792993921553,-0.19504868257361352,6.121677865969446,0.07187615207885245
25.660151547720172,-8.096475631777137,1.3431031606726371,-23.957182032550996,3.4274956144721362,2.7459164606220767,-18.334245704615284,10.924973618397408,-0.7014351697192819,7.238632803370955,0.027580178569791412,0.10132308008442252,0.478114399319038,0.5693205587880334,0.3050163971149539,-3.8271731165390097,-0.16290223869730092,-3.0229255181362835,4.405904081692667,0.17958880279534034
3.354046831130388,-8.986638522219597,1.8303654120565294,6.413209513550868,1.2865048191265172,19.852069338669487,-9.322857363238592,-0.347979088845414,-3.3162736635096723,5.568219601819639,0.03337328980357088,0.05658932261600028,0.5119271078200642,1.1520103932264512,0.17675548546926098,-1.213421385579191,-2.8763946944538663,3.870143893533603,6.115839521355268,0.13421229765232714
2.6828159392548687,14.553558228813396,1.4120845255215935,-7.601761475308921,-16.2856046687964,1.6560964015591146,-7.864035883516494,10.142471447070527,15.616756551838234,-12.162440574374497,0.0052431580217377855,0.013224558315318664,0.9277434478679086,0.42735016412293414,0.3314020459111357,-0.5447931379843745,-0.3008194743049897,-1.3176807529823176,4.565212052753613,0.06488071864722204
-1.56816989057055,-7.219321829029664,1.574011676881689,-17.63310964079148,16.63632680484894,6.113472102578495,-19.64756726460937,-4.522930625820831,13.123879469037764,-12.971109371590872,0.02197306633731525,0.06272471300495025,0.5664293358721194,0.6184523530217353,0.25657807036215297,-1.460314685154227,0.8978343181622348,-4.46558526160859,6.20668999833221,0.14130072985486186
1.3556428536920055,-3.020334051258093,1.78847540083569,5.959696015669273,-14.365984850813891,10.636293346675465,-22.267275052362503,5.508694742033869,-1.1848867908106715,16.06856559588625,0.0015206829819405777,0.011505721253653841,0.627081882412201,0.21076601491215502,0.08341556347402299,2.264643966194008,2.620799270586664,-3.430422683180784,5.720054320148846,0.06051764059109522
13.571722988259761,-14.089985115018973,1.5470619242324237,23.718413493727795,5.256181551619799,18.029690984913273,-6.013038960356807,-16.98985685829962,-5.338121089745826,-16.689745218353195,0.015538169081422278,0.02036424333420794,0.8225030462245803,0.9276711490925114,0.561625416147274,0.2696724331673739,1.2436683603571286,0.548167203298144,5.366620794225711,0.08051173813755823
18.51339529287765,15.893032009426687,1.998555660322416,20.248311528288866,0.27998689536623983,6.220180356952611,-20.793592846550993,10.92377103665948,-9.59118347702183,-17.130957880631197,0.012223472247213513,0.01094400457640314,0.9179806422055088,1.2167036241260796,0.16482830431892403,4.440852501921697,0.2970159726289694,-4.492906820922707,3.874273856884318,0.05902190145284857
15.605780334080476,-14.91590441142493,1.1835672728696016,3.1229361592080185,7.967709001549609,10.137896960783372,-23.82716733853195,-0.8584212609549874,17.324505782011883,-8.991955004470613,0.006196357807648647,0.07884239033459364,1.3589804503224792,0.0578313720626365,0.15640562781203685,-0.108716891670535,4.509814962229267,-3.9843798721670467,6.167177527765365,0.1584181564526696
-14.281858315704344,4.3982167398369905,1.690688705113069,-4.232293601590827,-1.8275447228503081,2.9765197367521488,-16.966268751841522,-11.610080626138952,-8.638832729182914,4.0956170762613695,0.044638429210217455,0.07288774083825282,0.7409433456016636,0.8265505368375452,0.307401680851352,1.3684012981508822,-3.117194363607818,-0.13125253688284122,0.5505232426455124,0.15231837870203938
20.080283671784674,-17.8152421679323,1.3926648729800457,-18.035770038116237,16.713774066232304,-0.28918499220757,-2.199268280466234,3.068692901674013,0.18150432186435564,-14.566329155937687,0.03770463829431479,0.13152698095260223,0.2678661688992721,1.0701928893246717,0.5248165521745038,-2.459564244143033,-2.736084646324307,-3.7745985599145007,0.2394625699817135,0.20461265439146334
-6.9775277084766785,-2.538491818753885,1.5625676333907748,13.743032177344398,3.0620406143267056,6.122980958561307,-18.956147677451483,-7.266155932441913,-18.168637542261852,-6.0544010564917095,0.10739904914863964,0.1146981584496264,0.9124086961076197,1.0262533207830529,0.5424742963330532,1.9368464871705857,1.357987162754867,-4.9663235639730114,5.8250515197641795,0.19107474391345122
-4.286827065271254,0.07121222056978505,1.8781810310708624,-8.592597786028177,-21.591468727133,21.49499320488234,-19.78422390237332,-6.221189114264376,-10.430505171877458,-14.251757834836901,0.05248344135256661,0.1008017046064218,0.35533611391718695,1.4652613001466714,0.08463463075467606,-3.6456840154707413,-4.669572097284802,3.468913193845607,5.315638035741694,0.17912615420535943
28.04135101840326,-22.3847212264651,1.287906735561765,12.659636658343407,6.171563344418738,12.138663604346775,-3.7328769848699266,9.141080314824903,12.848236218518545,-17.841177045930195,0.010589133364311136,0.05422146077364868,0.30442104775840245,0.641526392438412,0.10552950031510064,3.2014108512150496,-3.0618470095653527,2.8754107501454467,4.6799975824291264,0.13137437728712165
36.24702487312956,-6.897212518313334,1.893939003272721,-2.384992506709712,-23.278264678823003,20.88355057640944,-23.861472345849705,4.807670584100515,14.991441716900315,-18.24401572117893,0.025902798850214265,0.06377047304048493,0.4976872061167159,0.8161511142175935,0.500570780671684,-1.682272948087272,-2.908625415975777,-2.613220322359453,5.254960031145066,0.14247375904145734
6.974338196054591,-0.9410231788042288,1.2970682599062942,-2.3213821742535323,15.166248398863663,1.8623686794140575,-3.4471863451408926,-7.41133429586036,4.735637934256575,-0.5730199736813368,0.0016585914924344078,0.08677762919116869,0.04874975125980843,0.3920660601237635,0.20388542983953414,3.0936693224628087,-2.4353515567495676,0.9343162171479982,3.3766418389749426,0.16619920959842166
20.903870008759494,-3.371006627639473,1.1313064727372415,-8.235314677968955,1.3131096099693376,24.74195805518091,-14.524633435812854,-7.734954036593743,3.1495590560351934,-6.000437359729727,0.027889832755369787,0.05512329505236327,0.35739877955205523,1.4156558069916207,0.16864905186694323,-1.5425092564971923,-3.460054640048021,-2.0576205503313085,5.04586246295505,0.13246240890982341
-12.671530033272951,19.125317323820592,1.09002623492459,16.20543575378776,-6.639151421294939,7.81962714220267,-16.53619902729133,-0.2624671038287603,7.816775712679365,14.728016731448903,0.017827622514046522,0.1401121174675685,0.5442615694961837,0.23378145835625336,0.30983422161440016,-0.6665020519038833,1.9005576333894059,-3.579122592232784,3.4198571424624986,0.21118492409277617
-4.008377743744395,-2.141488744694584,1.6278130510339643,6.1152607286725456,20.60951270584143,2.229842076203486,-11.050188562811964,-9.849525895178658,12.977424050996202,7.138695695902804,0.006778001487970633,0.14597825167106826,1.255633598546485,0.036978609271117235,0.3638143583529866,-2.2084622859484337,-2.648842464961758,-1.347602736915181,4.2572758591839746,0.21556048031753522
22.543919388997782,23.59351884103691,1.184266826295613,-12.286440158083213,-20.524965949817094,4.9685761754591375,-1.4924739338613446,2.9622391260126317,9.431726024010619,-2.618804374529951,0.030290872121288094,0.10478708379022385,0.35591160878085615,0.8121979139671978,0.35255957440242575,-3.442828965745238,0.6898612125465906,-4.4001501661586975,2.422640683732176,0.18263286865949813
-6.904192450782045,16.01795504278956,1.400446353824727,8.211750195909122,-15.85875573985133,22.347950057668,-19.725116136598025,11.691971103183691,-11.110864718605745,7.257526476994599,0.04447778715460975,0.13558883053234766,0.22490930411249535,1.4585181418456934,0.28143265177794763,4.53697631801111,0.2553493829880118,-3.986543070498235,4.032397625480552,0.20774808113324383
15.401744890396206,14.389992691614987,1.089850859943912,-9.105808938577848,-1.3869502112818193,20.850868495168825,-15.371609076616524,11.778756610333621,-7.244918699506191,16.102116217494398,0.013079857303915851,0.14670526812225895,0.2253301695508981,0.3956744005719094,0.37995081664971936,0.3750890218683427,2.9381286084421587,-2.147094067478154,3.574106193022934,0.21609659228816808
-3.225189988712023,1.9489238378153773,1.784850746020765,18.365610553478973,10.224467882076292,1.3669102496478729,-17.06084500033626,5.086728505506757,-3.481169347165579,-14.070640566432274,0.04798263526091925,0.06700727545893666,0.7365288365807354,0.9722375298816275,0.32479025824454477,-2.101574107469415,0.3619528691082605,-1.459681531145395,0.3593087767136118,0.1460447815733929
13.122150620984758,-15.43682863825344,1.111460118373806,24.144509763993412,0.15030888896423544,15.755333763457038,-10.604606443907084,-6.989031976609165,6.592001838786759,-14.327158534062846,0.015957727736867076,0.011744376104271603,0.9796071710938998,1.3870405080509214,0.4888359348950288,3.6098809353094428,-2.188475968622324,-4.454303304917263,5.916737187819923,0.061142056074770045
16.595618153923787,-9.5448450038704,1.858044274869169,-3.356469085150186,20.449761177117278,4.249795139073576,-7.201383171500789,14.417926578342874,7.610573490646172,-19.41476951913639,0.04627015343562483,0.06528665274016354,1.321594123996724,0.5362637462953554,0.3665185562243358,-1.0671921586593793,-4.481142281172376,4.425276970446921,4.2645837312551,0.14415750761941648
-0.7507571212246791,7.634846807833277,1.5454244833307795,8.852184881631793,-23.28570704917104,1.6809540541231733,-16.363997819387563,7.0850188919278985,5.788065362773646,9.924441809426682,0.010567278667939765,0.014172415342431147,0.7545684553326115,0.9881449221028422,0.3543285942755958,0.5621841700797647,2.53707357320602,-2.778933714809316,0.5120760042534936,0.06716561556777893
-5.077306181721478,4.670517095429667,1.8422441017662552,19.71907021348636,-15.2332493904595,-2.6677077266842417,-6.018967771781861,11.280802341948048,14.561172577874908,-13.839065383703542,0.0064662859333688635,0.09485461357187941,0.0917199131325399,0.7432463942516097,0.41258838338106835,-3.3259239455469736,2.6712807088987747,-2.72833152404841,0.8250462865881956,0.17376179456391552
17.78375196284334,-1.5417662765583067,1.8609170166623126,-16.97498990011961,-6.941503669787048,20.136660841762797,-8.621545906178895,1.7733724246045557,-7.8998440732933,-16.277975811417452,0.004458563872446939,0.14286238469943432,0.9582703686637346,0.0325678461803236,0.06652512566219679,-4.9592347097761795,-3.70543709591723,-0.5357126258104792,1.9515026985184074,0.21324753085000037
28.805554234738814,-21.693381021697636,1.4469430255733826,-2.602108280006065,12.943921735003364,0.7155791992085163,-6.448422633956108,1.109240732460035,-12.45357820627095,-16.128403370199536,0.011661271907117144,0.10700889673209876,0.4160095080705907,0.26195263943540636,0.515652506360575,0.28450718314616275,-0.7717031679614106,1.7781001874028366,4.413040646475935,0.184558905879525
25.323964621663283,26.560372607539694,1.8002237710433073,20.51755638292658,4.76319360263456,6.863074052873603,-5.605992541965273,-1.7270944975704472,-3.4476617547447606,4.037463151411394,0.0012179249429822446,0.009703656141796467,0.31862917017091696,0.3939123470874347,0.07420677709740721,-0.14783610191379637,-4.184924158076463,0.48200191940142467,3.9460072776688384,0.055576700892207294
32.57186449992035,-11.709631056465566,1.904960599707706,23.888553885706084,7.049123684587876,19.28227738328121,-7.845309776300083,-1.9984010068989786,-12.222433209413005,9.890092003492974,0.018889123439889518,0.09493590287404025,1.2339678158622378,0.1612417440598457,0.38497713371537534,0.4190463470180994,-1.1913935816707122,-2.342172485129066,4.2778226347178645,0.17383623453869207
1.1538137113001345,-12.549618440335056,1.8720496484457194,-2.498039276569291,9.887346514512812,2.430690091857457,-2.6925344762842416,-8.716063963616238,7.481632775801005,9.255429775192688,0.0003992039437591994,0.1263576862850002,0.14954842049864295,0.021125710671596742,0.5099486640025902,-2.7474973921035195,4.147082293776096,-4.665607842030993,3.1632326673926605,0.20055149149239837
-4.7762214980973425,-21.085314272544014,1.6798765304688366,19.683017035470044,7.189098872648407,3.3761967689011456,-14.868397200260063,-2.9363762152190716,6.533476586571213,-10.370931405051799,0.0037145522925556736,0.019941621698578906,0.1274186759708118,1.4618840086498173,0.18824997519011938,-4.645399526856125,-0.8009218572499126,-0.33906426269473044,0.4076566742440447,0.07967192311721151
26.021034461751107,-25.20280235478112,1.4304293625565494,17.485977313984424,-7.230641626295031,3.9646428170388006,-6.6497629346388125,-5.2536228110297385,-2.8400535444219948,-14.286590054505709,0.03279851020841454,0.06302115884934564,0.8522012729848332,0.6106966729364744,0.47199559460834195,3.6122723622120585,0.8294403587971644,-4.46418296576047,0.040715140572617665,0.14163423985924378
-23.808305905477834,6.503212985647751,1.770611951239192,6.2734584966667,-12.322985944037715,1.2145586321757165,-3.328582894106535,2.3731501852276082,8.089533092569148,-4.550287151822733,0.049602196931926856,0.0817390674771188,0.6797164040140462,0.8927780053777234,0.48426266230049664,1.4240452679811177,-2.4435678956362317,-2.8102025936320008,1.1881490882104784,0.1613020559863106
26.070917660039797,-11.365864757239917,1.387859294566474,2.707673087520434,-1.9049543387194285,18.246047924680504,-8.848388112621194,14.635996231102986,3.9108395793324555,-2.623669475344812,0.06679891438845835,0.10713398020538824,0.5830368334050249,1.0694147558187572,0.537038200678675,-1.786545147214691,2.178424034270444,4.019051879878905,5.498693754704272,0.18466674049647816
18.107756703054058,-13.514369440622575,1.1894283402117285,-3.690250297980262,9.750667828088995,10.629836930958994,-7.487952727345371,12.43865520596354,6.047861320085347,-16.870553274614082,0.017579868261616713,0.013571706943358568,1.412312071661799,0.9171713324904897,0.5376899035495548,-0.44295312428547096,2.2149808311175354,-4.492712064158681,3.227703000854012,0.06572677150492201
1.3696035879049844,-6.802936020628398,1.424103902848786,6.661692896506226,16.208057876993333,6.086423370972426,-14.657262007945173,-2.3180490604835,-2.45934374180959,0.018955999194744777,0.013753825687839621,0.014155795547085782,1.3220670655101836,0.7349126923369611,0.4463565748936939,0.8918730932296359,-4.859943635421699,3.310089546964049,2.6824063286680775,0.06712622192134671
-7.312522097535874,-22.492601106721867,1.2864118950509211,12.446531440482229,17.97715360786762,11.002131061704418,-21.618196853061434,9.728550817077972,3.0061452857995503,-5.854202847827427,0.029411476457950694,0.07497575399365085,0.8102668506843994,0.484136596932841,0.14781284106390913,-0.45073537476835046,-3.144003761961166,-4.492995188632081,3.4652602980965486,0.15448470383912735
6.564472835675643,3.664120880654019,1.6043921533330185,-8.442130910984158,16.69679510801536,5.903693213524637,-18.101150693063293,-3.0686178585765282,-18.71518249662831,-16.72750657925667,0.00048158103262243445,0.06595095298985565,0.47961882775742376,0.015224816778542816,0.5028387168933158,2.9520714778481025,0.10470471264154035,0.6070238462336421,6.093806376678284,0.1448890621817723
5.11588008146093,9.352185102775227,1.611949945298145,-16.042942250351725,-8.064529029554409,18.99642938180847,-19.778352927340364,1.7369528523169684,3.3018203803923356,-4.8941664619785605,0.12471274917023624,0.07287927007627577,1.147607723444788,1.491122681161313,0.18851996895531312,-3.665245955970412,-4.772287118379246,3.7615541178400704,2.5976266305084788,0.15230952748642182
-26.435485237421425,-0.6047569478213664,1.7488040125824478,23.194467648986603,-3.5823858028976274,15.48461026626191,-21.746988308494625,18.305458262005985,-2.48063883283276,-19.533721708762503,0.002088432437677734,0.04078908881159658,0.09567827435476789,0.5351346747396515,0.2707619299795275,-0.8114773457659528,-0.09263725283813606,-3.097399391595995,1.6478048043476856,0.11394547036701301
36.892920110494366,-5.52371938048079,1.5558595523105203,-19.99874986085531,3.0023465049966673,14.072477068606013,-16.447226607530947,4.8444106493685455,0.09501526955262489,-9.232344334754483,0.012451071826240022,0.09398526347396252,0.17957642929760184,0.737730337835077,0.2796482047115302,-2.4220522749783258,-3.2788037882141117,4.926264418700116,5.341278896512906,0.17296369133246026
-1.5669503816234505,-9.411358458714973,1.7567875819471521,10.87480006775837,0.44069752949138324,6.796150578341297,-11.739422792921179,2.6756036350452814,-15.596002948866195,-17.47747593630237,0.016993061011012212,0.11233208534607832,0.9552596001211598,0.15836032504390357,0.5295006002798726,-2.5878981418954963,-3.0207191266290034,3.7585470690366165,4.20261699547248,0.1890936627740286
-20.92419703622227,-2.5622520664524377,1.173939032880383,11.908824508302839,-7.46961648563461,2.0706706914327313,-23.43697142345136,4.14494107773051,-19.400894655595863,4.821412935438328,0.01087759354932941,0.012408680431375742,0.910552080932613,0.962725412370905,0.5502850549023666,3.427686702610286,-0.8931756544867886,3.232259378494822,0.9005573548131945,0.0628474793114429
-4.6578128232108895,-11.447652357442006,1.929516679946201,-16.351299532556578,11.188700816077496,23.550380197820346,-17.145268315925545,10.168959795493189,-3.1798756183698518,-7.302527116974854,0.04086258342063046,0.10705701701169605,0.8286775927177997,0.4606012223892174,0.2243397706031696,-1.90309389687516,-3.7001016796407162,-2.7791986321561946,1.1076992710471767,0.1846003978873532
3.5633868357264684,-9.58586185241417,1.3309461739166684,5.927634368533504,15.28970520493984,17.7745945944772,-22.66242095966795,-16.788388077373565,5.051277629911495,-8.56905397814372,0.008759218845550813,0.06249312663177472,0.12622021817560036,1.1104632666307335,0.10163948399156188,2.375797842094105,-1.2247623684482822,1.9938121727826639,2.692664854603625,0.14103963990818122
-13.074224029112653,12.154529668254938,1.8570089764457047,2.9319057306234098,-20.95702822454894,0.9093509975754266,-6.443207126407313,4.343651310571359,-1.7934630893599186,7.948178262612906,0.01043134583404072,0.016895179050988703,0.46317875217679705,1.332996216956276,0.5786671907070835,3.608224954770435,3.8786903413942078,-0.03303049140079839,2.4221989115327713,0.07333418384883668
32.95689831111824,-3.4965380100754744,1.3985490314336275,3.495469091655656,-23.29862721402041,18.341508301319223,-13.492164173289193,-4.969066712575056,15.575963468369604,14.541880370408641,0.025180096542437278,0.12723451319487522,0.48777390573449847,0.4057269862885646,0.4676895305733606,-1.1652639643902587,-1.032305899584649,-3.324914208549293,5.476418171960136,0.20124612645641343
22.57556759177796,-1.4239313076161395,1.3396113237354903,-24.22372699438325,-2.6251227865834488,3.0417440770684685,-19.455742366395047,9.138125450056528,13.98129525510332,-3.1684935947009407,0.015394514165911288,0.05532238442099667,1.0529136214527588,0.2642849018335218,0.39261894978315043,3.5673715047775296,-1.3582851275374788,3.2003259764300847,4.844359363030569,0.13270140123021823
9.234344143990873,7.278178788408839,1.2821223590084732,16.219750259936372,-8.681943665451742,-3.6008480226649375,-6.024629296508877,16.07729205962633,-5.96008068464096,16.557976293933805,0.0031775310141503865,0.0076487370064195325,0.7263062314015366,0.5719792836409046,0.4070153320285785,0.01062769753047288,3.820910152866764,-2.153835430528307,3.312890983231241,0.0493423611713419
18.836252475614202,-20.884242623704168,1.62929814388447,11.99257655215227,-16.54989558875485,-3.225690489004762,-17.037505591183578,12.914646673277518,12.747392141933418,18.28591837777732,0.016738918883061882,0.020732718148009154,0.5391506621343333,1.497479956612692,0.5275968982171418,-0.3627544104226992,4.577693991770666,-3.6046859939779474,5.762123682074271,0.08123687065596143
18.1928421245357,6.35549792471377,1.7747260259000024,12.844853195743301,4.704798732809491,16.586880566809718,-8.85511142355401,-15.49724122019342,-10.026324506131616,-10.999859356022563,0.05800967616472625,0.05133335779987869,1.1622207620186218,0.9723265363229149,0.3150693133957782,-4.22573309145222,4.366688301472358,-0.49485613807838913,3.766970904012261,0.12782767806195647
1.8171888663038875,12.073140769875675,1.3407651351921737,14.746527668903543,-4.194277835115178,-0.16131239899010552,-6.791719260588845,10.650234961174615,-13.451824255456856,4.406891994225926,0.009536831046754705,0.06139670499830594,0.442146138207994,0.35131216486034383,0.14960464701008577,-2.315968798526906,3.4271563021977585,-0.2187090164098464,3.4002943142730544,0.13979691763436894
11.271951099080885,-0.1610554643131918,1.6293138079836447,5.035618135235032,-4.376217096699182,21.0296217782496,-14.692238583866926,9.37682851383783,-17.598979047216623,-10.365510181076324,0.0268855664924414,0.05216280909159643,0.9878771281913405,0.5217413889565292,0.287463558239244,1.5349386305547155,0.6254971240548297,-2.1429043603262943,5.388258288382754,0.1288562680856964
34.66027033350161,-10.816738440416183,1.4167101739017043,15.678350348198647,8.029621219526048,19.1339550834997,-15.890987641272075,16.089377995456392,-9.749264505137589,-1.870048606624799,0.02304716797512317,0.0509249565756194,0.7753478272830181,0.5837008497294032,0.10729693141675102,-3.8139525433778267,-0.4738634401689623,4.275859270480364,5.170907354512042,0.12731817282501307
17.378518299911835,5.161034707742076,1.2339151788057214,23.099546600108624,-5.366142813686365,0.24526161764419285,-17.573607645346854,-6.130480378466745,1.1880184919826333,-14.186154964653785,0.03582047004594069,0.07805370799634845,0.811980925269831,0.565186674725864,0.5419999097860639,-0.8566921782887382,-2.5973693340764292,-3.3180365618688756,5.293724357202444,0.15762381453492524
-8.900183677892969,10.80220108901303,1.2084437297851953,1.409074497099709,-1.4090478715447747,13.230469633617851,-19.700769507356146,13.213936857231507,-3.6633764795152732,1.8462361505821505,0.04211649424740466,0.09950792873047942,0.7392185754213211,0.5725608588524533,0.5940579698952784,4.259556771564551,-2.3824514804747077,3.308166885159883,2.8655149082641747,0.17797291217649852
28.534402132943278,-12.385443235870511,1.4724692006672981,-13.985049596062987,6.618984395053676,16.619985449448457,-4.713172048990537,14.117716695519483,-6.496845450032788,-18.405026895720432,0.037145716875571604,0.05525254983594039,0.6717516507317777,1.0008008762500993,0.5669219697939704,1.931308152261031,4.668162143502991,3.1885893473675733,3.6223929314738412,0.13261761892615329
1.7387787335854883,27.552714127130788,1.024940567796668,1.857266255145938,-20.10314711022295,10.189774415602187,-9.079816274295352,2.5836298328769187,14.810904662077096,10.911673124810331,0.0009211318107734134,0.08687429354001272,0.19420555071012982,0.05459700960907543,0.4960328898252196,0.28023758793998343,2.894062172135526,-1.517266772332233,4.7811801188391705,0.16629175111537756
14.085580913538717,-8.898593507373798,1.071897844280961,-3.9344409511562466,1.267737944345338,16.172919330206916,-5.270504051567207,-5.956351280649097,-7.147589446060456,-3.611816001091089,0.052271358803813506,0.0783078648793553,1.3142816111792641,0.5078903667264415,0.4372199570254554,-1.7889259722592863,1.8270362720897957,-2.602356832925965,5.482409997917303,0.15788023168542428
20.111938014125634,27.024977033555885,1.7205154785413619,-3.6662812003270715,2.633564482845029,18.7601644280208,-20.68081256192451,9.90596662740766,-11.566142098054346,-13.833792488315257,0.016818012787422298,0.1450138004923384,0.44501807096909984,0.2606079721530763,0.42189312574714743,-0.8451113620008277,-4.713905004371246,-0.6003435227576261,4.650010761639477,0.2148472162486523
23.952097971042747,20.599789236295972,1.5463184352422181,10.688700109557074,19.59629617753311,-1.7920406365212678,-10.55727489228159,-11.404734772687723,7.501293799046456,8.32311005961023,0.00012664819007013778,0.013866700335945843,0.4885302250936863,0.018695385244126506,0.5276800806706998,2.876530142643915,2.8736848840601983,2.7715977346842813,3.452090805109486,0.06643724712598839
23.371077541103183,-7.08067459569864,1.829449819094095,-1.9712773972646518,-21.071910202040566,5.650802986986875,-12.494454340063518,15.906662914749122,-11.978994290798612,11.71289692510356,0.021624025172550233,0.09664492001529787,0.2601499827344679,0.86006981486354,0.3006269706119612,-1.4164421694866602,0.36971016711644733,2.9002782230193542,5.906743563533651,0.17539393800901734
21.702536264071185,17.196789926843174,1.6286360177068357,17.108478731536994,-5.927579609996968,-0.7171320595642072,-21.30575059400288,0.06807658568011857,-11.436578852340125,-8.377420781721355,0.030420462675361706,0.1136207465674299,0.2682277390880658,0.998169941656126,0.31672870561861144,0.2578076234064506,-1.1059972558115092,4.759671876199933,3.9891252925344243,0.1901752005598941
-16.26254025923654,-14.943014247390213,1.4912477369671768,9.519065291848591,11.648565080057468,24.74665874009611,-19.124550625099673,-9.551027051926166,5.678636700332236,1.0780884088917198,0.08374007330143118,0.14310403158581825,1.004888457434258,0.582322552321467,0.5952597099537912,2.1528964456044575,-3.5817003096518887,-4.745479766724513,6.009082133220969,0.2134278051391697
-8.060030313503653,11.695572512820142,1.9544118489081659,10.401570465471329,-20.98029081916542,-7.188970937530737,-23.61892736193389,11.63225409503099,-14.925063169649142,17.06550131594375,0.06456267905664542,0.09500433465119175,1.2909664761681532,0.5264088207345903,0.498161718533754,1.0099613042607025,0.5906347885945262,-2.002620088464945,4.077941100828109,0.17389887564267806
16.664562867283145,6.440883969462327,1.9632037059140863,-14.497695235456701,-2.3827739428741594,20.49700882165879,-17.325699225385716,-15.89145458611962,7.873162224788438,6.226374796962418,0.03853622180776811,0.02464872134381314,1.3031192969220629,1.1997494567529197,0.5096804159630399,0.6806226966734839,-2.7449834666025295,-4.644701751239305,5.085715357135506,0.08857726393113038
12.170761953382032,-26.173476444186157,1.4732023156652398,-13.79637648438923,3.5204254212518302,13.827302394638949,-13.153407931112945,13.101784318687532,14.473799251515183,-13.67232453722011,0.025827861863750988,0.06548021692084442,0.6621462847635574,0.5956956091110106,0.15990838463521523,2.08527839001588,-4.953330366135747,-4.448680312798975,0.9071748697526858,0.14437105109877088
30.71258705878869,-18.847126615966467,1.7621651259254076,2.1206978894690516,18.58901629848497,14.472885468735385,-20.15912014717233,-14.16177391010085,-14.083711224099238,-0.9596800747859362,0.00810875949812999,0.07205335533738051,0.20358538955683894,0.5527816307026908,0.523871596109859,-1.6031139814884252,-4.038213916550234,0.03713271561106435,5.752208039738324,0.15144403367779735
19.670079664168902,-8.514863071316366,1.637990481304787,3.969004561913821,-16.518777054240793,6.851001991864841,-19.476782659367164,14.59577389273173,8.605086866296208,0.9602992052242527,0.05020454501520622,0.11899259314119216,0.5708867633434932,0.739048828819383,0.42588385315423893,0.11998895930607567,3.046542352484419,0.4439177866174102,4.476716199911919,0.19461890653142358
26.13588515772236,16.92661188995878,1.6538438079923514,18.26228568009116,13.309560834420145,3.0551987327707373,-6.214934066352128,-12.560643412946938,-13.625341430799338,-8.465019543830268,0.006663025397851435,0.10547573335569828,0.0563086024307522,1.121874215815765,0.18258165263777543,-2.0118278804073144,0.3344846499028087,1.4178318181064675,4.0886585036665775,0.18323200779231824
9.44523270297066,-5.989118286765133,1.1516302027700154,0.3752307458802558,24.823611869779427,3.1034183897971133,-5.3767799890961525,-0.061372289436234254,-3.6690104709363736,6.223784565286735,0.0017402527405358565,0.06349475559158448,0.6874958080370744,0.03986616098014406,0.4357539750983904,3.385496549818688,0.5398538102468766,-4.699358720419006,3.552774805246333,0.14216542626681378
9.94792290767096,-8.115196303692471,1.7067874264055305,-21.022336968843348,7.136410763930697,14.050314520660493,-21.243509920315663,8.795521938831232,1.415658301387725,-5.412312660023243,0.016357834571848445,0.10938250524514644,0.6591145178945267,0.22689089493261477,0.4096466878943682,2.4436164864588186,-3.7869330115586863,-0.20538836928327342,1.9219393612872824,0.1865945679677746
7.098350733195295,0.2758543473479808,1.7638838284415397,-4.031418660728946,-8.131168858408065,5.972926379033481,-18.493290986248862,-3.0720289824830735,12.305771650153165,7.790867383835444,0.01405428472756268,0.0954842473684803,1.26523637862695,0.11633364829391452,0.515531953472369,-2.4486877172986334,3.9655445897494808,-4.265358036005021,3.3429568883165928,0.17433754590508
16.175494528835742,-4.891938731581575,1.3178406112760137,-3.978390872551996,-4.123357516354645,17.614684667391764,-8.03819197595571,11.368489254524134,-14.196573206753595,9.005824192899698,0.04760685493673614,0.061373723140314376,0.7540407420444984,1.0287082185382423,0.3961461014088476,-0.7329297180091512,-4.100119195405836,-4.356828655150506,6.07160789829728,0.13977075097268724
30.343803479610095,-14.168972830124996,1.7538449679158725,22.33757164336058,6.906412171436816,17.476070816416616,-21.088223349736484,1.1122431480737403,-15.4300025316057,-2.044758594549201,0.012758222033719683,0.06623739109409878,0.7416571384636316,0.25970706029352686,0.21501323650214177,4.096215768071163,-2.0535952889458677,2.1213487324519047,5.171256563154241,0.14520336228983755
14.923855334156473,-11.474431298939315,1.530426831913788,-13.891180874482055,1.8071593865630642,7.249010173963718,-2.927824574108015,2.7525178258287064,-17.016079801071232,-18.625554855893117,0.03418350767293938,0.025277640824800718,1.1411837419980018,1.185016808654662,0.6076130079413664,3.5775371435425942,-3.337863926928606,-2.883324682620021,0.062480336869126164,0.0897001838010216
4.253387429396692,3.2186490380825403,1.5008722151210558,-5.8640949712486,1.1083973308151234,23.547943166509967,-16.509067131309248,2.930699045292058,-14.47904715876373,-15.67085128671164,0.004305595202616893,0.017330586441215313,0.23399233948889003,1.0617402904859707,0.17882375991579028,-0.4069891529995644,-3.8263623205599506,-1.287513718350457,2.697886407505622,0.0742731243290707
-13.52027135769909,-4.741610245181921,1.761568113470908,7.170999820622522,15.698817493640933,17.371682746702632,-21.230455602769684,13.954480374394304,5.175662210276886,-17.8654198751558,0.07925357809413137,0.11110274602566017,1.1996086342617538,0.5946405240143346,0.475689365306558,-4.7172542121320795,-4.532355460852787,1.6324461335676013,3.683244105217203,0.18805611514155687
13.459014616628053,-19.101121051422233,1.3303960010148277,7.99475114251336,22.049646621086723,22.702944262720273,-20.543318412718115,-6.2380201507253705,-9.088618266318615,-7.94220640244513,0.04285944536511015,0.08720182135183253,1.3489547200535494,0.36435406447537627,0.3423887870670575,-4.074537750101572,-2.7682056088824836,1.804325987376064,6.146791061856777,0.16660492738668045
-10.290372983420006,-16.99319605641986,1.8802068287274833,-3.063294631666439,-3.4843091952524095,8.909391473142051,-18.708984707148154,6.992365839041773,10.756410925063712,-2.096831359719907,0.05680785743299517,0.045268679478598126,1.3929756613131097,0.9008802281129586,0.09675694839131924,-2.0971674794684683,-4.047349562045829,-2.4177954981049323,0.7102161191599621,0.120039444402759
11.911553262813573,-0.8059232834027124,1.3582502081891668,-4.850405593938852,23.700207796428003,4.237829345532944,-24.279845066813866,-16.86288818470254,5.979661593139646,-14.032802429811774,0.04204674340518723,0.0463338641257636,1.3397235513584649,0.6773586041130284,0.5754804012894158,-0.5363166954523688,-0.8489715066790833,-4.038468353276633,0.8274995108599124,0.12144351368569271
-7.189999466889142,-10.277163885097325,1.7148844832821142,8.943482112419066,9.74233922843624,17.819683160241063,-13.218509330514612,-0.1874596350088175,4.798573658395389,-11.25433783826523,0.028390494659571042,0.03451605920670834,0.7974486204943725,1.0314520494181565,0.6118649107201084,-2.7100638133850294,-4.397413294254485,-1.8368118039468504,4.602888169809973,0.10481795112288883
-1.857350980253075,8.165436809629924,1.1476265087076332,11.751451655463114,-18.99950926264711,-1.4228659281674503,-2.3587465828817704,13.313403062869355,5.2094643229365545,-6.031443303337035,0.0031963897439993482,0.01761288765775631,0.6423345718724477,0.28253214467582616,0.14877014136816255,-0.791520696183186,3.350637263732846,-3.800141910360174,5.871851395002648,0.07487560527774251
18.850324375041335,26.218498243650885,1.4953282426594925,23.116088519498604,8.370835588338801,8.615125623847845,-19.88368334265981,18.857572592885212,-2.518800911312525,-8.683858701142082,0.010160697368816016,0.025876455067139318,0.451136743540798,0.8703832724087026,0.1098031284922347,-0.8314880533604443,0.6187948729355695,-1.6420431254206846,3.711434001165107,0.0907564403624398
32.007564177696445,14.573272295246698,1.1069264103442902,12.203407787984041,-10.690950322712455,15.117860249483968,-21.487766139489903,-5.20138362948263,3.9812908035092547,-1.6267211741804601,0.14642990850268592,0.11812764005543612,0.9177716327795986,1.3506525199925745,0.5334033018388041,-0.04712827864575431,-0.7388137669765813,2.684625066006542,4.272552458658528,0.1939102773480706
3.187045645679575,-25.52958028464872,1.0460002546152016,11.941705919331747,21.075142873482775,0.29978768279096357,-9.944971107547461,-14.384779232802641,5.002340552625524,8.926702890085636,0.02401385915007305,0.10001532002135503,0.3893363020321848,0.6166951465847268,0.11557812404461007,3.2982511866980584,-2.893419691565049,-3.265751164811761,6.041624640587531,0.17842607750167272
3.6154704928488623,0.040690631932406886,1.6974128643494597,9.749703361504148,17.566780364190535,19.922513575823864,-8.846400700208678,1.5314067703385563,2.795277426580411,-6.2704012470990875,0.014514518340660214,0.09537294031079616,1.0071985196984707,0.15109927402151568,0.2322263860182831,-3.6324124777914415,-4.742789796671815,-3.5077647195626027,3.508707259598188,0.17423590265884636
29.02066479389136,-1.2334093873506153,1.0980202817840472,-22.285628586744057,-6.416068347565652,7.229665622140033,-23.086991783293183,-5.793630179143654,11.074112115811811,-1.1036257740563613,0.009232503884412008,0.09119859124513294,0.3134848100257085,0.32293481455198003,0.3309276165221487,0.7001831908806508,-3.902395801327306,2.2515050863186925,4.664573236853536,0.1703802018996348
8.871793161114805,4.2642626132599615,1.0891813463037212,-23.956002208740088,-5.647290774520972,11.809083207333494,-17.508214488601723,-12.750232294835827,1.524555887968947,7.547299168182363,0.12669727512151055,0.10640002180165878,1.1266331681195467,1.0569222117973456,0.30516593370334344,4.358950081390709,-3.336603897048851,-3.9039762252957444,3.363237896074426,0.18403309167005497
24.27247525336555,-4.79499823516962,1.3989430570693093,-22.496746639263876,6.947431658124904,23.36084518069353,-16.263185658270217,15.333011786263773,3.0195922468350944,-2.11562595958479,0.07713134478321247,0.09447530832561593,0.710825088388277,1.14854981895138,0.2784033620733864,-4.138083728935708,0.38907459185868376,3.248471193213744,3.775445709497871,0.17341402665385905
-11.864280072020025,-8.528116023960322,1.2291292893078312,-5.40152347788958,22.000092180186034,2.2328878954968268,-15.37902082624776,-3.544917447695506,13.625984640936547,0.7047022369876146,0.007930455129812441,0.004242888651650749,1.263485711271899,1.4793336729890552,0.5758957964392695,-2.0220988572979937,1.0023656106893961,3.7975084445135607,2.3665825552570094,0.03674987624193376
0.04739264031816825,9.689889512539505,1.6145899762743625,12.390971955713981,16.546560494271752,5.166879416113574,-12.361713658571201,6.655652160445625,-9.679998362994215,17.84999876500156,0.0096492690125626,0.02756822296275136,0.3350799699820048,1.0445690983255473,0.24262386228679184,3.3692074257223865,-1.1784035309701988,0.039898989844944666,3.495013653091983,0.09367623985602085
-5.1900157955911475,1.6186893330116368,1.0183426693695368,-0.6198120314738763,9.327322898643406,7.675472181237502,-23.797952798718367,-3.372947187231403,12.955024888608042,-19.277859302004067,0.012108883718627539,0.010327151223153655,0.9393836857355724,1.2481895969079337,0.3140087669473313,-3.6244180005067905,2.599643974469248,-4.249944644301683,0.7469100786261734,0.05733440791047584
26.459630800518696,12.71361911056091,1.0280029765323484,-9.21815709835577,-3.8113306708848476,4.428795258635326,-18.05940893180508,4.491709345425064,-0.684085739566047,8.177371805187423,0.005269061626343051,0.05089153451260232,0.11450714305490647,0.9041805335178739,0.37144991041460157,1.4636379713320373,3.9324482070055353,-1.4238168189292377,3.9594851047099557,0.12727638649185832
0.745331171950525,17.080549436524276,1.4904967755390417,1.0619925670176655,-12.102505981738153,22.495493529347875,-7.254972474828983,15.743159215038336,9.062625396291642,-15.278053078326405,0.034642613694276264,0.09547279045494222,1.0281393435924955,0.35292226373042185,0.5224843960826019,-3.0726081585660623,-0.947120972263181,-1.6363965507911526,5.028176980638273,0.1743270864305417
29.217123937310127,-1.7667461363522035,1.7284464821969805,-0.9147208613274287,-6.231299848968754,12.964026083652577,-16.523752071034394,-0.4079600541951591,10.45275391666027,-10.591028440855595,0.00016397770061275154,0.01075113768715355,0.07070542471851866,0.21571365279789445,0.09797743325137258,2.4714442606538753,-1.7367196965148035,3.776418627914902,5.743076204735773,0.05849951635307859
16.309459441020664,35.480998400869964,1.3800786409370551,-8.829975790806403,-18.458526623640676,23.262001382808414,-17.55829836531069,1.075625729342011,-3.4823509861688344,9.367477590824464,0.008134235569483018,0.010927796237034042,1.0262744984416772,0.7253049137478351,0.2928835223960465,-2.549542019096349,-3.772707731029501,-3.3546825390794375,3.135126112096075,0.058978178815982114
10.76442715873323,3.0582920423789766,1.4215013056291586,-7.0947127327887785,18.381582720970925,6.954724031883231,-11.45434288515058,-2.1389280455290427,9.659612979860658,-18.556235603448982,0.01003506848355705,0.06753068222740848,0.5548477754203845,0.2678214483397013,0.5055338611239775,1.6414701941387024,2.35808480143222,2.0251627389585263,3.0205475969718902,0.14661406403793645
20.135863509044547,15.17127247122932,1.7747862768176685,20.280247122772497,4.678134876434881,5.490399596772988,-14.054261071278416,19.377581385621387,-4.21994549051575,0.6130687699741344,0.04072661362990785,0.06788745099584025,0.6817055710873304,0.8800188098370765,0.1568259153340508,2.8192598747436923,3.5213529843014832,2.8719481418677475,4.543251745160372,0.14700083945268333
